{
  "data": {
    "inputMin": [
      51.355308532714844,
      143.20741271972656,
      52.26899719238281,
      132.4297332763672,
      60.226646423339844,
      126.94771575927734,
      67.42957305908203,
      127.71704864501953,
      73.8483657836914,
      126.59942626953125,
      91.38822174072266,
      133.63247680664062,
      109.76445007324219,
      143.98147583007812,
      94.29022979736328,
      141.70953369140625,
      80.22112274169922,
      140.643798828125,
      68.7750473022461,
      140.1727294921875,
      60.79193878173828,
      140.45582580566406,
      53.48780059814453,
      141.5210723876953,
      52.959144592285156,
      142.96359252929688,
      61.26549530029297,
      133.19139099121094,
      69.2788314819336,
      133.0421600341797,
      78.67533111572266,
      134.3900909423828,
      105.51604461669922,
      143.14370727539062,
      79.87222290039062,
      135.69659423828125,
      69.69380950927734,
      134.96163940429688,
      61.5377082824707,
      135.76295471191406,
      25.740915298461914,
      34.963253021240234,
      23.12450408935547,
      65.43773651123047,
      27.444753646850586,
      93.76859283447266,
      35.35435104370117,
      117.7399673461914,
      42.52568054199219,
      141.2892608642578,
      50.30006790161133,
      160.09664916992188,
      55.55388259887695,
      172.02435302734375,
      63.88346862792969,
      174.46481323242188,
      88.58060455322266,
      173.6202850341797,
      119.09042358398438,
      174.8432159423828,
      147.68710327148438,
      171.35560607910156,
      163.27964782714844,
      167.48207092285156,
      175.00355529785156,
      150.8569793701172,
      183.2871551513672,
      128.33067321777344,
      185.10971069335938,
      104.22434997558594,
      187.06002807617188,
      76.7472152709961,
      187.13641357421875,
      45.083377838134766
    ],
    "inputMax": [
      272.2538146972656,
      225.6773681640625,
      287.5345764160156,
      225.94015502929688,
      299.7491760253906,
      225.54905700683594,
      305.1155090332031,
      226.32765197753906,
      310.0682067871094,
      225.0716552734375,
      313.9032287597656,
      226.14395141601562,
      313.2350158691406,
      226.08056640625,
      311.3336486816406,
      233.78250122070312,
      308.00018310546875,
      244.51803588867188,
      301.1636657714844,
      248.1072540283203,
      293.7647705078125,
      245.3082733154297,
      284.075927734375,
      234.78912353515625,
      274.3798522949219,
      226.8382110595703,
      294.2767639160156,
      229.40823364257812,
      302.7808837890625,
      230.0685577392578,
      307.1509704589844,
      229.3507843017578,
      310.7353515625,
      226.45675659179688,
      306.26727294921875,
      231.54058837890625,
      301.3440246582031,
      233.2332305908203,
      294.604248046875,
      231.478759765625,
      172.6683807373047,
      150.69325256347656,
      172.24598693847656,
      169.6358642578125,
      174.96026611328125,
      186.724365234375,
      182.37948608398438,
      201.4796142578125,
      194.6820526123047,
      215.19256591796875,
      212.8133087158203,
      225.9227294921875,
      236.24826049804688,
      238.41983032226562,
      261.0164794921875,
      259.0367126464844,
      286.14306640625,
      267.8351135253906,
      304.0877990722656,
      254.5618896484375,
      307.6903381347656,
      237.30874633789062,
      311.1523742675781,
      227.49485778808594,
      315.00091552734375,
      216.01255798339844,
      321.29644775390625,
      203.1122283935547,
      326.3270568847656,
      188.58587646484375,
      328.5215759277344,
      172.1122283935547,
      324.80511474609375,
      154.88485717773438
    ],
    "outputMin": 0,
    "outputMax": 1
  },
  "meta": {
    "inputUnits": 74,
    "outputUnits": 2,
    "inputs": {
      "input0": { "dtype": "number" },
      "input1": { "dtype": "number" },
      "input2": { "dtype": "number" },
      "input3": { "dtype": "number" },
      "input4": { "dtype": "number" },
      "input5": { "dtype": "number" },
      "input6": { "dtype": "number" },
      "input7": { "dtype": "number" },
      "input8": { "dtype": "number" },
      "input9": { "dtype": "number" },
      "input10": { "dtype": "number" },
      "input11": { "dtype": "number" },
      "input12": { "dtype": "number" },
      "input13": { "dtype": "number" },
      "input14": { "dtype": "number" },
      "input15": { "dtype": "number" },
      "input16": { "dtype": "number" },
      "input17": { "dtype": "number" },
      "input18": { "dtype": "number" },
      "input19": { "dtype": "number" },
      "input20": { "dtype": "number" },
      "input21": { "dtype": "number" },
      "input22": { "dtype": "number" },
      "input23": { "dtype": "number" },
      "input24": { "dtype": "number" },
      "input25": { "dtype": "number" },
      "input26": { "dtype": "number" },
      "input27": { "dtype": "number" },
      "input28": { "dtype": "number" },
      "input29": { "dtype": "number" },
      "input30": { "dtype": "number" },
      "input31": { "dtype": "number" },
      "input32": { "dtype": "number" },
      "input33": { "dtype": "number" },
      "input34": { "dtype": "number" },
      "input35": { "dtype": "number" },
      "input36": { "dtype": "number" },
      "input37": { "dtype": "number" },
      "input38": { "dtype": "number" },
      "input39": { "dtype": "number" },
      "input40": { "dtype": "number" },
      "input41": { "dtype": "number" },
      "input42": { "dtype": "number" },
      "input43": { "dtype": "number" },
      "input44": { "dtype": "number" },
      "input45": { "dtype": "number" },
      "input46": { "dtype": "number" },
      "input47": { "dtype": "number" },
      "input48": { "dtype": "number" },
      "input49": { "dtype": "number" },
      "input50": { "dtype": "number" },
      "input51": { "dtype": "number" },
      "input52": { "dtype": "number" },
      "input53": { "dtype": "number" },
      "input54": { "dtype": "number" },
      "input55": { "dtype": "number" },
      "input56": { "dtype": "number" },
      "input57": { "dtype": "number" },
      "input58": { "dtype": "number" },
      "input59": { "dtype": "number" },
      "input60": { "dtype": "number" },
      "input61": { "dtype": "number" },
      "input62": { "dtype": "number" },
      "input63": { "dtype": "number" },
      "input64": { "dtype": "number" },
      "input65": { "dtype": "number" },
      "input66": { "dtype": "number" },
      "input67": { "dtype": "number" },
      "input68": { "dtype": "number" },
      "input69": { "dtype": "number" },
      "input70": { "dtype": "number" },
      "input71": { "dtype": "number" },
      "input72": { "dtype": "number" },
      "input73": { "dtype": "number" }
    },
    "outputs": {
      "output0": {
        "dtype": "string",
        "uniqueValues": ["open", "normal"],
        "legend": { "open": [1, 0], "normal": [0, 1] }
      }
    },
    "isNormalized": true
  }
}
