{"data":{"inputMin":[60.649837493896484,101.48049926757812,65.31282806396484,99.39200592041016,71.8243179321289,97.88643646240234,76.77933502197266,99.10016632080078,81.19631958007812,98.36962127685547,91.66191101074219,102.12841033935547,96.20243072509766,105.0558853149414,90.48871612548828,107.34500885009766,85.23516082763672,108.91546630859375,78.274169921875,109.09025573730469,72.13015747070312,107.76528930664062,66.05043029785156,105.52735900878906,61.81767272949219,101.49998474121094,71.85662078857422,102.24774932861328,77.77864837646484,102.70034790039062,84.40170288085938,103.52143096923828,94.73173522949219,104.57684326171875,84.79940032958984,102.87515258789062,78.25407409667969,102.68004608154297,72.36632537841797,102.11763763427734,28.49034309387207,32.441349029541016,30.12935447692871,56.85536193847656,31.3415470123291,71.28909301757812,32.39838409423828,83.77790069580078,34.83478546142578,97.67257690429688,40.76223373413086,108.6177978515625,49.328514099121094,116.75749969482422,60.558876037597656,124.10479736328125,74.43970489501953,128.44175720214844,87.97203063964844,125.64434051513672,95.93046569824219,121.33648681640625,102.50373077392578,116.29109191894531,109.11199951171875,106.89004516601562,115.42805480957031,94.44287872314453,119.9193115234375,82.49793243408203,124.25446319580078,64.96237182617188,126.74676513671875,38.973175048828125],"inputMax":[245.96275329589844,208.9640655517578,255.263427734375,207.8497314453125,269.70526123046875,206.71328735351562,275.0694274902344,207.01976013183594,278.93109130859375,206.18551635742188,289.48394775390625,206.99900817871094,287.6983947753906,206.97216796875,286.75701904296875,220.4367218017578,277.0345153808594,231.16900634765625,267.85345458984375,233.178466796875,261.14300537109375,229.96963500976562,252.0023193359375,220.2126922607422,246.5621337890625,209.0338897705078,262.38763427734375,208.86279296875,271.1268005371094,208.74078369140625,276.5200500488281,208.49476623535156,287.2325439453125,207.08677673339844,277.2915954589844,218.1455841064453,269.40252685546875,219.735107421875,262.486083984375,218.42172241210938,208.6864013671875,182.22073364257812,210.5789794921875,188.771484375,213.26641845703125,194.74961853027344,215.78634643554688,200.7573699951172,219.39735412597656,207.31385803222656,226.18338012695312,213.06619262695312,234.5203399658203,225.84561157226562,245.26699829101562,245.49609375,260.0390625,256.515869140625,274.5076599121094,244.8849639892578,282.3232421875,227.04541015625,295.1804504394531,213.71031188964844,305.21923828125,203.23753356933594,318.47265625,196.00819396972656,323.79229736328125,190.14776611328125,331.5866394042969,184.16455078125,334.68170166015625,177.8961639404297],"outputMin":0,"outputMax":1},"meta":{"inputUnits":74,"outputUnits":2,"inputs":{"input0":{"dtype":"number"},"input1":{"dtype":"number"},"input2":{"dtype":"number"},"input3":{"dtype":"number"},"input4":{"dtype":"number"},"input5":{"dtype":"number"},"input6":{"dtype":"number"},"input7":{"dtype":"number"},"input8":{"dtype":"number"},"input9":{"dtype":"number"},"input10":{"dtype":"number"},"input11":{"dtype":"number"},"input12":{"dtype":"number"},"input13":{"dtype":"number"},"input14":{"dtype":"number"},"input15":{"dtype":"number"},"input16":{"dtype":"number"},"input17":{"dtype":"number"},"input18":{"dtype":"number"},"input19":{"dtype":"number"},"input20":{"dtype":"number"},"input21":{"dtype":"number"},"input22":{"dtype":"number"},"input23":{"dtype":"number"},"input24":{"dtype":"number"},"input25":{"dtype":"number"},"input26":{"dtype":"number"},"input27":{"dtype":"number"},"input28":{"dtype":"number"},"input29":{"dtype":"number"},"input30":{"dtype":"number"},"input31":{"dtype":"number"},"input32":{"dtype":"number"},"input33":{"dtype":"number"},"input34":{"dtype":"number"},"input35":{"dtype":"number"},"input36":{"dtype":"number"},"input37":{"dtype":"number"},"input38":{"dtype":"number"},"input39":{"dtype":"number"},"input40":{"dtype":"number"},"input41":{"dtype":"number"},"input42":{"dtype":"number"},"input43":{"dtype":"number"},"input44":{"dtype":"number"},"input45":{"dtype":"number"},"input46":{"dtype":"number"},"input47":{"dtype":"number"},"input48":{"dtype":"number"},"input49":{"dtype":"number"},"input50":{"dtype":"number"},"input51":{"dtype":"number"},"input52":{"dtype":"number"},"input53":{"dtype":"number"},"input54":{"dtype":"number"},"input55":{"dtype":"number"},"input56":{"dtype":"number"},"input57":{"dtype":"number"},"input58":{"dtype":"number"},"input59":{"dtype":"number"},"input60":{"dtype":"number"},"input61":{"dtype":"number"},"input62":{"dtype":"number"},"input63":{"dtype":"number"},"input64":{"dtype":"number"},"input65":{"dtype":"number"},"input66":{"dtype":"number"},"input67":{"dtype":"number"},"input68":{"dtype":"number"},"input69":{"dtype":"number"},"input70":{"dtype":"number"},"input71":{"dtype":"number"},"input72":{"dtype":"number"},"input73":{"dtype":"number"}},"outputs":{"output0":{"dtype":"string","uniqueValues":["open","normal"],"legend":{"open":[1,0],"normal":[0,1]}}},"isNormalized":true}}